Campaign,Campaign Type,Campaign Subtype,Campaign Status,Networks,Languages,Locations,Budget,Budget Type,Bid Strategy Type,Bid Strategy Name,Dynamic Ad Targets Source,Domain,Page Feeds,Ad Group,Ad Group Status,Ad Group Type,Max CPC,Ad type,Description Line 1,Description Line 2,Tracking Template,Sitelink Text,Sitelink Final URL,Sitelink Description Line 1,Sitelink Description Line 2,Callout Text,Keyword,Match Type,Criterion Type
DSA - Blog Makaleleri - Tümü,Search,Standard,Enabled,Google search;Search partners,tr;en,Türkiye;Almanya;Kuzey Kıbrıs Türk Cumhuriyeti,200,Daily,Maximize clicks,,Page feeds only,vgdanismanlik.com,Blog Articles - 306 URLs,,,,,,,,,,,,,,,,
DSA - Blog Makaleleri - Tümü,,,,,,,,,,,,,,Blog - Tüm Makaleler,Enabled,Dynamic,0.80,,,,,,,,,,,,
DSA - Blog Makaleleri - Tümü,,,,,,,,,,,,,,Blog - Tüm Makaleler,,,,Dynamic search ad,"Avrupa'nın en iyi üniversitelerinde lisans, yüksek lisans bölümleri. Detaylı rehber.","Ücretsiz danışmanlık, başvuru desteği, vize ve burs yardımı. WhatsApp ile hemen iletişim.",,,,,,,,,
DSA - Blog Makaleleri - Tümü,,,,,,,,,,,,,,,,,,,,,,Almanya'da Üniversite,https://vgdanismanlik.com/almanyada-universite,"İngilizce eğitim, düşük harç",Ücretsiz danışmanlık alın,,,,
DSA - Blog Makaleleri - Tümü,,,,,,,,,,,,,,,,,,,,,,İtalya'da Üniversite,https://vgdanismanlik.com/italyada-universite,"Bursa, Bocconi, Sapienza",Tüm bölümler ve harçlar,,,,
DSA - Blog Makaleleri - Tümü,,,,,,,,,,,,,,,,,,,,,,Çekya'da Üniversite,https://vgdanismanlik.com/cekyada-universite,"Prag, Brno, ücretsiz eğitim",Avrupa'nın kalbinde okuyun,,,,
DSA - Blog Makaleleri - Tümü,,,,,,,,,,,,,,,,,,,,,,İngiltere'de Üniversite,https://vgdanismanlik.com/ingilterede-universite,"Russell Group, Oxbridge",Vize ve burs desteği dahil,,,,
DSA - Blog Makaleleri - Tümü,,,,,,,,,,,,,,,,,,,,,,Hollanda'da Üniversite,https://vgdanismanlik.com/hollandada-universite,"TU Delft, Erasmus, UvA",İngilizce lisans seçenekleri,,,,
DSA - Blog Makaleleri - Tümü,,,,,,,,,,,,,,,,,,,,,,İspanya'da Üniversite,https://vgdanismanlik.com/ispanyada-universite,"IE, ESADE, Carlos III",Madrid ve Barselona'da okuyun,,,,
DSA - Blog Makaleleri - Tümü,,,,,,,,,,,,,,,,,,,,,,,,,,Ücretsiz Danışmanlık,,,
DSA - Blog Makaleleri - Tümü,,,,,,,,,,,,,,,,,,,,,,,,,,Vize Desteği,,,
DSA - Blog Makaleleri - Tümü,,,,,,,,,,,,,,,,,,,,,,,,,,Burs Yardımı,,,
DSA - Blog Makaleleri - Tümü,,,,,,,,,,,,,,,,,,,,,,,,,,10+ Yıl Tecrübe,,,
DSA - Blog Makaleleri - Tümü,,,,,,,,,,,,,,,,,,,,,,,,,,WhatsApp Destek,,,
DSA - Blog Makaleleri - Tümü,,,,,,,,,,,,,,,,,,,,,,,,,,Başvuru Takibi,,,
DSA - Blog Makaleleri - Tümü,,,,,,,,,,,,,,,,,,,,,,,,,,,ücretsiz indir,Phrase,Negative keyword
DSA - Blog Makaleleri - Tümü,,,,,,,,,,,,,,,,,,,,,,,,,,,pdf,Phrase,Negative keyword
DSA - Blog Makaleleri - Tümü,,,,,,,,,,,,,,,,,,,,,,,,,,,doktora tezi,Phrase,Negative keyword
DSA - Blog Makaleleri - Tümü,,,,,,,,,,,,,,,,,,,,,,,,,,,ödev,Phrase,Negative keyword
DSA - Blog Makaleleri - Tümü,,,,,,,,,,,,,,,,,,,,,,,,,,,makale örneği,Phrase,Negative keyword
DSA - Blog Makaleleri - Tümü,,,,,,,,,,,,,,,,,,,,,,,,,,,özet,Phrase,Negative keyword
DSA - Blog Makaleleri - Tümü,,,,,,,,,,,,,,,,,,,,,,,,,,,çıkmış sorular,Phrase,Negative keyword
DSA - Blog Makaleleri - Tümü,,,,,,,,,,,,,,,,,,,,,,,,,,,wikipedia,Phrase,Negative keyword
DSA - Blog Makaleleri - Tümü,,,,,,,,,,,,,,,,,,,,,,,,,,,iş ilanı,Phrase,Negative keyword
DSA - Blog Makaleleri - Tümü,,,,,,,,,,,,,,,,,,,,,,,,,,,iş ara,Phrase,Negative keyword
DSA - Blog Makaleleri - Tümü,,,,,,,,,,,,,,,,,,,,,,,,,,,kpss,Phrase,Negative keyword
DSA - Blog Makaleleri - Tümü,,,,,,,,,,,,,,,,,,,,,,,,,,,lys,Phrase,Negative keyword
DSA - Blog Makaleleri - Tümü,,,,,,,,,,,,,,,,,,,,,,,,,,,yks,Phrase,Negative keyword
DSA - Blog Makaleleri - Tümü,,,,,,,,,,,,,,,,,,,,,,,,,,,ales,Phrase,Negative keyword
DSA - Blog Makaleleri - Tümü,,,,,,,,,,,,,,,,,,,,,,,,,,,youtube,Phrase,Negative keyword
